"","Year","Hours"
"3",2015,2000.69470348193
"4",2016,3924.05028404143
"5",2017,4386.76447848849
"6",2018,409.50202031294
"7",2019,55.2522543727096
